category,name,format,product_unit,current_resa_mq,matched_pdf,match_score,candidate_label,coats,tool,suggested_resa_mq,source_unit,needs_unit_review,candidate_type,source
Primer e sottofondi,Primer PU100,12 kg,kg,0.15,ita tds/Primer PU 100_it_rev12.pdf,100,Consolidante,2,,0.15,kg,False,consumption,100 - 150 g/m2 come consolidante superficiale 250 - 400 g/m2 come impermeabilizzante (in due mani) Temperatura di applicazione > 10 °C - Teme il gelo Conservazione 12 mesi in
Primer e sottofondi,Primer PU100,12 kg,kg,0.15,ita tds/Primer PU 100_it_rev12.pdf,100,Impermeabilizzante,2,,0.4,kg,False,consumption,250 - 400 g/m2 come impermeabilizzante (in due mani) Temperatura di applicazione > 10 °C - Teme il gelo Conservazione 12 mesi in confezione originale sigillata a
Primer e sottofondi,Primer PU100,6 kg,kg,0.15,ita tds/Primer PU 100_it_rev12.pdf,100,Consolidante,2,,0.15,kg,False,consumption,100 - 150 g/m2 come consolidante superficiale 250 - 400 g/m2 come impermeabilizzante (in due mani) Temperatura di applicazione > 10 °C - Teme il gelo Conservazione 12 mesi in
Primer e sottofondi,Primer PU100,6 kg,kg,0.15,ita tds/Primer PU 100_it_rev12.pdf,100,Impermeabilizzante,2,,0.4,kg,False,consumption,250 - 400 g/m2 come impermeabilizzante (in due mani) Temperatura di applicazione > 10 °C - Teme il gelo Conservazione 12 mesi in confezione originale sigillata a
Primer e sottofondi,Primer MS,5 kg,kg,0.15,ita tds/Primer MS_it_rev01.pdf,100,Applicazione da scheda tecnica,,,0.12,kg,False,consumption,80 - 120 g/m2 as surface dust-proof hardener 200 - 250 g/m2 as waterproofiing (in two coats) > 10 °C 12 months 0 g/litre
Primer e sottofondi,Primer MS,5 kg,kg,0.15,ita tds/Primer MS_it_rev01.pdf,100,Applicazione da scheda tecnica,,,0.25,kg,False,consumption,200 - 250 g/m2 as waterproofiing (in two coats) > 10 °C 12 months 0 g/litre
Primer e sottofondi,Adeblok T19,"Kit 7,5 L",L,0.12,ita tds/Adeblok T19_it_rev13.pdf,100,Applicazione da scheda tecnica,,,0.33,kg,True,consumption,170 - 330 g/m2 Pulizia attrezzi Subito dopo l’uso con Solvente di lavaggio S/23 VOC 0 g/l Conservazione 12 mesi in confezioni originali sigillate Confezioni disponibili Tanic
Primer e sottofondi,Nano-Fix,10 L,L,0.1,ita tds/Nano-fix_it_rev03.pdf,100,Applicazione da scheda tecnica,,,0.2,L,False,coverage,"5 - 10 m2/l VOC < 0,1 g/l, cat A/h (BA), límite 50 g/l (2004/42/CE) Temperatura di applicazione Tra +10 e +35 °C Conservazione 12 mesi in confezioni originali sigillate - "
Primer e sottofondi,Nano-Fix,5 L,L,0.1,ita tds/Nano-fix_it_rev03.pdf,100,Applicazione da scheda tecnica,,,0.2,L,False,coverage,"5 - 10 m2/l VOC < 0,1 g/l, cat A/h (BA), límite 50 g/l (2004/42/CE) Temperatura di applicazione Tra +10 e +35 °C Conservazione 12 mesi in confezioni originali sigillate - "
Primer e sottofondi,Idroblok Mono,5 L,L,0.12,ita tds/Idroblok Mono_it_rev02.pdf,100,,,,,,,,
Primer e sottofondi,Idroblok 2K,Kit 10 L,L,0.12,ita tds/Idroblok 2K_it_rev03.pdf,100,Applicazione da scheda tecnica,,,0.3,kg,True,consumption,150 - 300 g/m2 Temperatura di applicazione > 10 °C - Teme il gelo Conservazione 12 mesi in confezioni sigillate a temperatura > 10 °C Contenuto VOC 0 g/l
Primer e sottofondi,Idroblok C3,5 kg,kg,0.15,ita tds/Idroblok C3_it_rev06.pdf,100,,,,,,,,
Primer e sottofondi,Primer TS,12 L,L,0.1,ita tds/Primer TS_it_rev06.pdf,100,Applicazione da scheda tecnica,,,2.0,kg,True,consumption,"0,4 - 2,0 kg/m2 VOC 0 g/l, cat A/h (BA), limite 50 g/l (2004/42/CE) Temperatura di applicazione Tra +10 e +35 °C Pulizia attrezzi Immediatamente dopo l’uso con acqua"
Primer e sottofondi,Primer C1,10 L,L,0.12,ita tds/Primer C1_it_rev03.pdf,100,Applicazione da scheda tecnica,,,0.2,L,False,coverage,"5 - 10 m2/l VOC < 0,1 g/l, cat A/h (BA), limite 50 g/l (2004/42/CE) Temperatura di applicazione Tra +10 e +35 °C Conservazione 12 mesi in confezioni originali sigillate - "
Primer e sottofondi,Primer C1,5 L,L,0.12,ita tds/Primer C1_it_rev03.pdf,100,Applicazione da scheda tecnica,,,0.2,L,False,coverage,"5 - 10 m2/l VOC < 0,1 g/l, cat A/h (BA), limite 50 g/l (2004/42/CE) Temperatura di applicazione Tra +10 e +35 °C Conservazione 12 mesi in confezioni originali sigillate - "
Primer e sottofondi,Toverfix,10 L,L,0.12,ita tds/Toverfix_it_rev09.pdf,100,Applicazione da scheda tecnica,,,0.25,L,False,coverage,4 - 5 m2/l Conservazione 12 mesi in confezioni originali sigillate a T >10 ‘C Pulizia attrezzi Subito dopo l’uso con Solvente di lavaggio S/23 Confezioni disponibili Tani
Primer e sottofondi,Toverfix,5 L,L,0.12,ita tds/Toverfix_it_rev09.pdf,100,Applicazione da scheda tecnica,,,0.25,L,False,coverage,4 - 5 m2/l Conservazione 12 mesi in confezioni originali sigillate a T >10 ‘C Pulizia attrezzi Subito dopo l’uso con Solvente di lavaggio S/23 Confezioni disponibili Tani
Primer e sottofondi,Primer PU-Fix 60,5 L,L,0.1,ita tds/Primer PU-FIX 60_it_rev05.pdf,100,Applicazione da scheda tecnica,,,0.3333,L,False,coverage,"3 - 5 m2/l Temperatura di applicazione Min + 10, max + 35 °C Conservazione 6 mesi in confezioni originali sigillate a T >10 ‘C Pulizia attrezzi Subito dopo l’uso con Solv"
Primer e sottofondi,P.EP.P.,5 L,L,0.1,ita tds/PEPP_it_rev04.pdf,100,Applicazione da scheda tecnica,,,0.04,L,False,coverage,25 - 35 m2/l Temperatura di applicazione Da + 5 a + 35 °C Pulizia degli attrezzi Subito dopo l’uso con Solvente di Lavaggio S23 o con Solvente A Conservazione 12 mesi in co
Primer e sottofondi,P.EP.P.,1 L,L,0.1,ita tds/PEPP_it_rev04.pdf,100,Applicazione da scheda tecnica,,,0.04,L,False,coverage,25 - 35 m2/l Temperatura di applicazione Da + 5 a + 35 °C Pulizia degli attrezzi Subito dopo l’uso con Solvente di Lavaggio S23 o con Solvente A Conservazione 12 mesi in co
Primer e sottofondi,Primer C4,5 L,L,0.12,ita tds/Primer C4_it_rev06.pdf,100,Applicazione da scheda tecnica,,,0.2,L,False,coverage,"5 - 10 m2/l Temperatura di applicazione Da +5 a +35 °C VOC < 0,1 g/l, cat A/h (BA), limite 50 g/l (2004/42/ CE) Conservazione 12 mesi in confezioni originali sigillate a T"
Primer e sottofondi,Rockfloor F10,25 kg,kg,1.6,ita tds/Rockfloor F10_it_rev08.pdf,100,,,,,,,,
Primer e sottofondi,Quarzo Puro,25 kg,kg,0.3,,0,,,,,,,,
Primer e sottofondi,LVT Leveller,5 kg,kg,1.6,ita tds/LVT Leveller_it_rev05.pdf,100,Applicazione da scheda tecnica,,,1.0,kg,False,consumption,"0,8 - 1,0 kg/m2 Temperatura di applicazione > 10 °C - Teme il gelo Conservazione 12 mesi in confezione originale sigillata a temperatura > 10 °C Pulizia degli attrezzi Subito "
Primer e sottofondi,LVT Leveller Rimovibile,5 kg,kg,1.6,ita tds/LVT Leveller Rimovibile_it_rev02.pdf,100,Applicazione da scheda tecnica,,,1.0,kg,False,consumption,"0,1 - 1,0 kg/m2 Posa della pavimentazione 4 - 5 ore Temperatura di applicazione > 10 °C - Teme il gelo Conservazione 12 mesi in confezioni originali sigillate a temperatura > "
Adesivi per parquet,Tovcol TP2C,Kit 11 kg,kg,1.1,ita tds/Tovcol TP2C_it_rev07.pdf,100,Applicazione a spatola,,Spatola,1.5,kg,False,consumption,"1,0 - 1,5 kg/m2 - Spatola da 10 mm Carico di rottura > 3,5 N/mm2 secondo UNI EN 14293 Temperatura di applicazione da + 10 °C a + 35 °C Conservazione 12 mesi in confezioni orig"
Adesivi per parquet,Tovcol TA,Kit 11 kg,kg,1.1,ita tds/Tovcol TA_it_rev12.pdf,100,Applicazione a spatola,,Spatola,1.5,kg,False,consumption,"1,0 - 1,5 kg/m2 - Spatola da 10 mm Carico di rottura > 3,5 N/mm2 secondo UNI EN 14293 Temperatura di applicazione da + 10 °C a + 35 °C Conservazione 12 mesi in confezioni orig"
Adesivi per parquet,Tovcol PU2C,Kit 11 kg,kg,1.1,ita tds/Tovcol PU2C_it_rev14.pdf,100,Applicazione a spatola,,Spatola,1.3,kg,False,consumption,"0,8 - 1,3 kg/m2 - Spatola da 10 mm Carico di rottura > 3,5 N/mm2 secondo UNI EN 14293 Temperatura di applicazione da + 10 °C a + 35 °C Conservazione 12 mesi in confezioni orig"
Adesivi per parquet,Tovcol PU2C,Kit 5 kg,kg,1.1,ita tds/Tovcol PU2C_it_rev14.pdf,100,Applicazione a spatola,,Spatola,1.3,kg,False,consumption,"0,8 - 1,3 kg/m2 - Spatola da 10 mm Carico di rottura > 3,5 N/mm2 secondo UNI EN 14293 Temperatura di applicazione da + 10 °C a + 35 °C Conservazione 12 mesi in confezioni orig"
Adesivi per parquet,Tovcol MS,15 kg,kg,1.0,ita tds/Tovcol MS_it_rev10.pdf,100,Applicazione a spatola,,Spatola,1.2,kg,False,consumption,"700 - 1200 g/m2 - Spatola da 8 mm Carico di rottura: 2,0 N/mm2 Fattore di allungamento: 2,7 Adesivo elastico Da + 10 °C a + 35 °C"
Adesivi per parquet,Tovcol MS in sacchetti,15 kg,kg,1.0,ita tds/Tovcol MS_it_rev10.pdf,85,Applicazione a spatola,,Spatola,1.2,kg,False,consumption,"700 - 1200 g/m2 - Spatola da 8 mm Carico di rottura: 2,0 N/mm2 Fattore di allungamento: 2,7 Adesivo elastico Da + 10 °C a + 35 °C"
Adesivi per parquet,Tovcol MS Start,15 kg,kg,1.0,ita tds/Tovcol MS Start_it_rev06.pdf,100,Applicazione a spatola,,Spatola,1.2,kg,False,consumption,"700 - 1200 g/m2 - Spatola da 8 mm Carico di rottura: 1,7 N/mm2 Fattore di allungamento: 2,1 Adesivo elastico Da + 10 °C a + 35 °C"
Adesivi per parquet,Tovcol MS Start in sacchetti,15 kg,kg,1.0,ita tds/Tovcol MS_it_rev10.pdf,85,Applicazione a spatola,,Spatola,1.2,kg,False,consumption,"700 - 1200 g/m2 - Spatola da 8 mm Carico di rottura: 2,0 N/mm2 Fattore di allungamento: 2,7 Adesivo elastico Da + 10 °C a + 35 °C"
Adesivi per parquet,Tovcol S/E,5 kg,kg,1.1,ita tds/Tovcol SE_it_rev02.pdf,100,,,,,,,,
Adesivi per parquet,Restauro,3 kg,kg,0.2,ita tds/Restauro_it_rev02.pdf,100,,,,,,,,
Adesivi per resilienti,Tovcol LVT Fibre+,12 kg,kg,0.3,ita tds/Tovcol LVT Fibre Plus_it_rev05.pdf,100,Applicazione a spatola,,Spatola TKB/A2,0.3,kg,False,consumption,"250 - 300 g/m2 (Spatola TKB/A2) Min +15 °C, max +35 °C Da - 20 a + 50 °C Tover srl Via Rosa Luxemburg, 2/A | Collegno (TO)"
Adesivi per resilienti,Tovcol LVT Fibre+,5 kg,kg,0.3,ita tds/Tovcol LVT Fibre Plus_it_rev05.pdf,100,Applicazione a spatola,,Spatola TKB/A2,0.3,kg,False,consumption,"250 - 300 g/m2 (Spatola TKB/A2) Min +15 °C, max +35 °C Da - 20 a + 50 °C Tover srl Via Rosa Luxemburg, 2/A | Collegno (TO)"
Adesivi per resilienti,Tovcol MS LVT,5 kg,kg,0.35,ita tds/Tovcol MS LVT_IT- REV04.pdf,100,Applicazione a spatola,,Spatola TKB / A2 350 - 400 g/m2 - Spatola TKB / B1,0.3,kg,False,consumption,"250 - 300 g/m2 - Spatola TKB / A2 350 - 400 g/m2 - Spatola TKB / B1 Min +15 °C, max +35 °C 12 mesi in confezioni originali sigillate a temp. > 10 °C"
Adesivi per resilienti,Tovcol MS LVT,5 kg,kg,0.35,ita tds/Tovcol MS LVT_IT- REV04.pdf,100,Applicazione a spatola,,Spatola TKB / B1,0.4,kg,False,consumption,"350 - 400 g/m2 - Spatola TKB / B1 Min +15 °C, max +35 °C 12 mesi in confezioni originali sigillate a temp. > 10 °C"
Adesivi per resilienti,Tovcol MS LVT Wall,5 kg,kg,0.35,ita tds/Tovcol MS LVT Wall_IT- REV04.pdf,100,,,,,,,,
Adesivi per resilienti,Tovcol RP,15 kg,kg,0.35,ita tds/Tovcol RP_it_rev09.pdf,100,Applicazione a spatola,,Spatola TKB B1: circa 300-350 g/m2 Spatola TKB B2: circa 350-450 g/m2 Temp,0.3,kg,False,consumption,200-300 g/m2 Spatola TKB B1: circa 300-350 g/m2 Spatola TKB B2: circa 350-450 g/m2 Temp. di applicazione Da + 10 a + 35 °C Conservazione 12 mesi - Teme il gelo
Adesivi per resilienti,Tovcol RP,15 kg,kg,0.35,ita tds/Tovcol RP_it_rev09.pdf,100,Applicazione a spatola,,Spatola TKB B2: circa 350-450 g/m2 Temp,0.35,kg,False,consumption,300-350 g/m2 Spatola TKB B2: circa 350-450 g/m2 Temp. di applicazione Da + 10 a + 35 °C Conservazione 12 mesi - Teme il gelo
Adesivi per resilienti,Tovcol RP,15 kg,kg,0.35,ita tds/Tovcol RP_it_rev09.pdf,100,Applicazione da scheda tecnica,,,0.45,kg,False,consumption,350-450 g/m2 Temp. di applicazione Da + 10 a + 35 °C Conservazione 12 mesi - Teme il gelo
Adesivi per resilienti,Tovcol RP,7 kg,kg,0.35,ita tds/Tovcol RP_it_rev09.pdf,100,Applicazione a spatola,,Spatola TKB B1: circa 300-350 g/m2 Spatola TKB B2: circa 350-450 g/m2 Temp,0.3,kg,False,consumption,200-300 g/m2 Spatola TKB B1: circa 300-350 g/m2 Spatola TKB B2: circa 350-450 g/m2 Temp. di applicazione Da + 10 a + 35 °C Conservazione 12 mesi - Teme il gelo
Adesivi per resilienti,Tovcol RP,7 kg,kg,0.35,ita tds/Tovcol RP_it_rev09.pdf,100,Applicazione a spatola,,Spatola TKB B2: circa 350-450 g/m2 Temp,0.35,kg,False,consumption,300-350 g/m2 Spatola TKB B2: circa 350-450 g/m2 Temp. di applicazione Da + 10 a + 35 °C Conservazione 12 mesi - Teme il gelo
Adesivi per resilienti,Tovcol RP,7 kg,kg,0.35,ita tds/Tovcol RP_it_rev09.pdf,100,Applicazione da scheda tecnica,,,0.45,kg,False,consumption,350-450 g/m2 Temp. di applicazione Da + 10 a + 35 °C Conservazione 12 mesi - Teme il gelo
Adesivi per resilienti,Tovcol MPL,15 kg,kg,0.35,ita tds/Tovcol MPL_it_rev04.pdf,100,Applicazione a spatola,,Spatola TBK A2 Temp,0.3,kg,False,consumption,"200 - 300 g/m2 Spatola TBK A2 Temp. d’applicazione Da + 10 a + 35 °C Conservazione 12 mesi - Teme il gelo Pulizia Attrezzi Subito dopo l’uso con acqua, quando essiccato con S"
Adesivi per resilienti,Tovcol TST,6 kg,kg,0.35,ita tds/Tovcol TST_it_rev06.pdf,100,Applicazione a spatola,,spatola TKB/A2,0.15,kg,False,consumption,"100 - 150 g/m2 con rullo in microfibra da 8 mm. 200 - 250 g/m2 con spatola TKB/A2. Temperatura di applicazione Min +10, max +35 °C Conservazione 12 mesi in confezioni origina"
Adesivi per resilienti,Tovcol TST,6 kg,kg,0.35,ita tds/Tovcol TST_it_rev06.pdf,100,Applicazione a spatola,,spatola TKB/A2,0.25,kg,False,consumption,"200 - 250 g/m2 con spatola TKB/A2. Temperatura di applicazione Min +10, max +35 °C Conservazione 12 mesi in confezioni originali sigillate a temperatura > 10 °C - Teme il gel"
Adesivi per resilienti,Tovcol Wet&Dry,12 kg,kg,0.25,ita tds/Tovcol Wet&Dry_it_rev02.pdf,100,Applicazione a spatola,,Spatola TKB B1: circa 300-350 g/m2 Spatola TKB B2: circa 350-450 g/m2,0.3,kg,False,consumption,200-300 g/m2 Spatola TKB B1: circa 300-350 g/m2 Spatola TKB B2: circa 350-450 g/m2 Da + 10 a + 35 °C Da - 20 a + 50 °C
Adesivi per resilienti,Tovcol Wet&Dry,12 kg,kg,0.25,ita tds/Tovcol Wet&Dry_it_rev02.pdf,100,Applicazione a spatola,,Spatola TKB B2: circa 350-450 g/m2,0.35,kg,False,consumption,300-350 g/m2 Spatola TKB B2: circa 350-450 g/m2 Da + 10 a + 35 °C Da - 20 a + 50 °C
Adesivi per resilienti,Tovcol Wet&Dry,12 kg,kg,0.25,ita tds/Tovcol Wet&Dry_it_rev02.pdf,100,Applicazione da scheda tecnica,,,0.45,kg,False,consumption,350-450 g/m2 Da + 10 a + 35 °C Da - 20 a + 50 °C
Adesivi per resilienti,Tovcol T91,Kit 11 kg,kg,1.1,ita tds/Tovcol T91_it_rev07.pdf,100,Applicazione a spatola,,Spatola TKB/A2 350 - 400 g/m2 - Spatola TKB/B1,0.3,kg,False,consumption,250 - 300 g/m2 - Spatola TKB/A2 350 - 400 g/m2 - Spatola TKB/B1 Temperatura di applicazione Da + 15 a +35 °C Pulizia Attrezzi Subito dopo l’uso con Solvente di lavaggio S23. 
Adesivi per resilienti,Tovcol T91,Kit 11 kg,kg,1.1,ita tds/Tovcol T91_it_rev07.pdf,100,Applicazione a spatola,,Spatola TKB/B1,0.4,kg,False,consumption,350 - 400 g/m2 - Spatola TKB/B1 Temperatura di applicazione Da + 15 a +35 °C Pulizia Attrezzi Subito dopo l’uso con Solvente di lavaggio S23. Conservazione 12 mesi in confezi
Adesivi per resilienti,Tovcol PU2K,Kit 11 kg,kg,1.1,ita tds/Tovcol PU2K_it_rev07.pdf,100,Applicazione a spatola,,Spatola TKB/A2 350 - 400 g/m2 - Spatola TKB/B1,0.3,kg,False,consumption,250 - 300 g/m2 - Spatola TKB/A2 350 - 400 g/m2 - Spatola TKB/B1 Temperatura di applicazione Da + 15 a +35 °C Pulizia Attrezzi Subito dopo l’uso con Solvente di lavaggio S23. 
Adesivi per resilienti,Tovcol PU2K,Kit 11 kg,kg,1.1,ita tds/Tovcol PU2K_it_rev07.pdf,100,Applicazione a spatola,,Spatola TKB/B1,0.4,kg,False,consumption,350 - 400 g/m2 - Spatola TKB/B1 Temperatura di applicazione Da + 15 a +35 °C Pulizia Attrezzi Subito dopo l’uso con Solvente di lavaggio S23. Conservazione 12 mesi in confezi
Stucchi e fondi all'acqua,Idrostucco RS/30,5 L,L,0.1,ita tds/Idrostucco RS30_it_rev03.pdf,100,,,,,,,,
Stucchi e fondi all'acqua,Prontostucco RS/40,5 kg,kg,0.1,ita tds/Prontostucco RS 40_it_rev02.pdf,100,,,,,,,,
Stucchi e fondi all'acqua,Prontostucco RS/40,1 kg,kg,0.1,ita tds/Prontostucco RS 40_it_rev02.pdf,100,,,,,,,,
Stucchi e fondi all'acqua,Idrofondo H20,5 L,L,0.1,ita tds/Idrofondo H20_it_rev07.pdf,100,Applicazione da scheda tecnica,,,0.1,L,False,coverage,"10 - 12 m2/l Temperatura di applicazione > 10 °C - Teme il gelo Conservazione 12 mesi in confezione originale sigillata a temperatura > 10 °C VOC 75 g/l, cat A/i (BA), limi"
Stucchi e fondi all'acqua,Fast&Full,5 L,L,0.1,ita tds/Fast&Full_it_rev06.pdf,100,Applicazione da scheda tecnica,,,0.1,L,False,coverage,"10 - 12 m2/l Temperatura di applicazione > 10 °C - Teme il gelo Conservazione 12 mesi in confezione originale sigillata a temperatura > 10 °C VOC 50 g/l, cat A/i (BA), limi"
Stucchi e fondi all'acqua,Bravo,5 L,L,0.1,ita tds/Bravo_it_rev01.pdf,100,Applicazione da scheda tecnica,,,0.1,L,False,coverage,"10 - 12 m2/l Temperatura di applicazione > 10 °C - Teme il gelo Conservazione 12 mesi in confezioni originali sigillate a temp > 10 °C VOC 75 g/l, cat A/i (BA), limite 140 "
Stucchi e fondi all'acqua,Idrofondo Mito,"Kit 5,5 L",L,0.1,ita tds/Idrofondo Mito_it_rev06.pdf,100,Applicazione a rullo,,rullo,0.0833,L,False,coverage,"12 - 14 m2/l VOC 60 g/l, cat A/j (BA), límite 140 g/l (2004/42/CE) Temperatura di applicazione Da +5 a +35 °C Pulizia attrezzi Pulire il rullo subito dopo l’uso con acqua e"
Stucchi e fondi all'acqua,Super Gold,Kit 6 L,L,0.1,ita tds/Super Gold_it_rev03.pdf,100,Applicazione a rullo,,rullo,0.0833,L,False,coverage,"12 - 14 m2/l VOC 90 g/l, cat A/j (BA), límite 140 g/l (2004/42/CE) Temperatura di applicazione Da +5 a +35 °C Pulizia attrezzi Pulire il rullo subito dopo l’uso con acqua e"
Stucchi e fondi all'acqua,Base Gold,Kit 6 L,L,0.1,ita tds/Base Gold_it_rev04.pdf,100,,,,,,,,
Stucchi e fondi all'acqua,Tone Up,5 L,L,0.1,ita tds/Tone-Up_it_rev10.pdf,100,Applicazione a rullo,,rullo,0.1,L,False,coverage,"10 - 12 m2/l Temperatura di applicazione Da +10 a +35 °C VOC 25 g/l, cat A/i (BA), límite 140 g/l (2004/42/CE) Pulizia degli attrezzi Pulire il rullo subito dopo l’uso con "
Stucchi e fondi all'acqua,Fondo Antitannino,5 L,L,0.1,ita tds/Fondo Antitannino_it_rev02.pdf,100,Applicazione da scheda tecnica,,,0.1,L,False,coverage,10 - 12 m2/l Temperatura di applicazione > 10 °C - Teme il gelo Conservazione 12 mesi in confezione originale sigillata a temperatura > 10 °C VOC 14 g/l
Stucchi e fondi all'acqua,Fondo Antitannino,1 L,L,0.1,ita tds/Fondo Antitannino_it_rev02.pdf,100,Applicazione da scheda tecnica,,,0.1,L,False,coverage,10 - 12 m2/l Temperatura di applicazione > 10 °C - Teme il gelo Conservazione 12 mesi in confezione originale sigillata a temperatura > 10 °C VOC 14 g/l
Vernici all'acqua,Maxima,"Kit 5,5 L",L,0.1,ita tds/Maxima_it_rev03.pdf,100,Applicazione da scheda tecnica,,,0.0833,L,False,coverage,"12 - 14 m2/l Resistenza all’abrasione dopo 7 giorni 12 mg - Taber Abraser, mole CS10, 1000g, 1000 giri"
Vernici all'acqua,Maxima Extra-matt,"Kit 5,5 L",L,0.1,ita tds/Maxima_it_rev03.pdf,85,Applicazione da scheda tecnica,,,0.0833,L,False,coverage,"12 - 14 m2/l Resistenza all’abrasione dopo 7 giorni 12 mg - Taber Abraser, mole CS10, 1000g, 1000 giri"
Vernici all'acqua,Essenza,"Kit 5,5 L",L,0.1,ita tds/Essenza_it_rev04.pdf,100,Applicazione da scheda tecnica,,,0.0833,L,False,coverage,"12 - 14 m2/l Tover srl Via Rosa Luxemburg, 2/A | Collegno (TO) T: +39 011 7792823 | info@tover.com | tover.com Resistenza all'abrasione dopo 7 giorni 22 mg - Taber Abraser,"
Vernici all'acqua,Lympha,"Kit 5,5 L",L,0.1,ita tds/Lympha_it_rev04.pdf,100,Applicazione da scheda tecnica,,,0.0833,L,False,coverage,"12 - 14 m2/l Resistenza all’abrasione dopo 7 giorni 22 mg - Taber Abraser, mole CS10, 1000g, 1000 giri Grado di opacità (glossmetro 60°) < 5 gloss"
Vernici all'acqua,Idrolak DR97,"Kit 5,5 L",L,0.1,ita tds/Idrolak DR97_it_rev07.pdf,100,Applicazione da scheda tecnica,,,0.0833,L,False,coverage,"12 - 14 m2/l Resistenza all’abrasione dopo 7 giorni 21 mg - Taber Abraser, mole CS10, 1000g, 1000 giri Grado di opacità (glossmetro 60°) Semilucida 30 gloss Opaca 20 gloss "
Vernici all'acqua,Idrolak DR97 Extra-matt,"Kit 5,5 L",L,0.1,ita tds/Idrolak DR97_it_rev07.pdf,85,Applicazione da scheda tecnica,,,0.0833,L,False,coverage,"12 - 14 m2/l Resistenza all’abrasione dopo 7 giorni 21 mg - Taber Abraser, mole CS10, 1000g, 1000 giri Grado di opacità (glossmetro 60°) Semilucida 30 gloss Opaca 20 gloss "
Vernici all'acqua,Bella,"Kit 5,5 L",L,0.1,ita tds/Bella_it_rev05.pdf,100,Applicazione da scheda tecnica,,,0.0833,L,False,coverage,"12 - 14 m2/l Resistenza all'abrasione dopo 7 giorni 12 mg (22 mg per la versione Nature) - Taber Abraser, mole CS10, 1000 g, 1000 giri"
Vernici all'acqua,Bella Extra-matt,"Kit 5,5 L",L,0.1,ita tds/Bella_it_rev05.pdf,85,Applicazione da scheda tecnica,,,0.0833,L,False,coverage,"12 - 14 m2/l Resistenza all'abrasione dopo 7 giorni 12 mg (22 mg per la versione Nature) - Taber Abraser, mole CS10, 1000 g, 1000 giri"
Vernici all'acqua,Bella Natur,"Kit 5,5 L",L,0.1,ita tds/Bella_it_rev05.pdf,85,Applicazione da scheda tecnica,,,0.0833,L,False,coverage,"12 - 14 m2/l Resistenza all'abrasione dopo 7 giorni 12 mg (22 mg per la versione Nature) - Taber Abraser, mole CS10, 1000 g, 1000 giri"
Vernici all'acqua,Uniqua SQ,5 L,L,0.1,ita tds/Uniqua SQ_it_rev15.pdf,100,Applicazione da scheda tecnica,,,0.0833,L,False,coverage,"12 - 14 m2/l 12 mg - Taber Abraser, mole CS10, 1000 g, 1000 giri Lucida 55 - 60 gloss Semilucida 25 - 35 gloss"
Vernici all'acqua,Uniqua SQ Extra-matt,5 L,L,0.1,ita tds/Uniqua SQ_it_rev15.pdf,85,Applicazione da scheda tecnica,,,0.0833,L,False,coverage,"12 - 14 m2/l 12 mg - Taber Abraser, mole CS10, 1000 g, 1000 giri Lucida 55 - 60 gloss Semilucida 25 - 35 gloss"
Vernici all'acqua,Uniqua Natur,5 L,L,0.1,,10,,,,,,,,
Vernici all'acqua,Uniqua Antislip,5 L,L,0.1,ita tds/Uniqua Antislip_it_rev03.pdf,100,Applicazione da scheda tecnica,,,0.0833,L,False,coverage,"12 - 14 m2/l Resistenza all’abrasione dopo 7 giorni 26 mg - Taber Abraser, mole CS10, 1000g, 1000 giri Grado di opacità (glossmetro 60°) 15 gloss Temperatura di applicazion"
Vernici all'acqua,Home Maxi,5 L,L,0.1,ita tds/Home Maxi_it_rev06.pdf,100,Applicazione da scheda tecnica,,,0.1,L,False,coverage,"10 - 12 m2/l Resistenza all'abrasione dopo 7 giorni 24 mg - Taber Abraser, mole CS10, 1000 g, 1000 giri Grado di opacità (60°) Lucida 55 - 60 gloss"
Vernici all'acqua,Home Maxi Extra-matt,5 L,L,0.1,ita tds/Home Maxi Extramatt_it_rev01.pdf,100,Applicazione da scheda tecnica,,,0.0833,L,False,coverage,"12 - 14 m2/l Resistenza all'abrasione dopo 7 giorni 35 mg - Taber Abraser, mole CS10, 1000 g, 1000 giri Grado di opacità (60°) 6 - 7 gloss"
Vernici all'acqua,Smart,5 L,L,0.1,ita tds/Smart_it_rev02.pdf,100,Applicazione da scheda tecnica,,,0.1,L,False,coverage,"10 - 12 m2/l per mano Resistenza all’abrasione dopo 7 giorni 38 mg - Taber Abraser, mole CS10, 1000g, 1000 giri Grado di opacità (60°) Semilucida 35 gloss (3 mani)"
Vernici all'acqua,Natural Wood,"2,5 L",L,0.1,ita tds/Natural Wood_it_rev04.pdf,100,Applicazione da scheda tecnica,,,0.0833,L,False,coverage,"12 - 14 m2/l Resistenza all'abrasione dopo 7 giorni 25 mg - Taber Abraser, mole CS10, 1000 g, 1000 giri"
Vernici all'acqua,Natural Wood,1 L,L,0.1,ita tds/Natural Wood_it_rev04.pdf,100,Applicazione da scheda tecnica,,,0.0833,L,False,coverage,"12 - 14 m2/l Resistenza all'abrasione dopo 7 giorni 25 mg - Taber Abraser, mole CS10, 1000 g, 1000 giri"
"Oli, cere e coloranti",L'Olio 100% Neutro,"2,5 L",L,0.05,ita tds/L'Olio 100_it_rev08.pdf,85,Applicazione da scheda tecnica,,,0.0286,L,False,coverage,35 - 40 m2/l Temp. di applicazione minimo + 10 °C Conservazione 24 mesi in confezione originale sigillata a temperatura >10 °C Contenuto VOC 35 g/l
"Oli, cere e coloranti",L'Olio 100% Neutro,1 L,L,0.05,ita tds/L'Olio 100_it_rev08.pdf,85,Applicazione da scheda tecnica,,,0.0286,L,False,coverage,35 - 40 m2/l Temp. di applicazione minimo + 10 °C Conservazione 24 mesi in confezione originale sigillata a temperatura >10 °C Contenuto VOC 35 g/l
"Oli, cere e coloranti",L'Olio 100% Colorato,1 L,L,0.05,ita tds/L'Olio 100_it_rev08.pdf,85,Applicazione da scheda tecnica,,,0.0286,L,False,coverage,35 - 40 m2/l Temp. di applicazione minimo + 10 °C Conservazione 24 mesi in confezione originale sigillata a temperatura >10 °C Contenuto VOC 35 g/l
"Oli, cere e coloranti",Crema d'Olio,"2,5 L",L,0.06,ita tds/Crema d'Olio_it_rev14.pdf,100,Applicazione da scheda tecnica,,,0.0286,L,False,coverage,35 - 40 m2/l Temperatura di applicazione Da + 10 a + 35 °C Pulizia attrezzi Subito dopo l’uso con Diluente RMD 91 o Greencleaner Conservazione 24 mesi in confezioni origina
"Oli, cere e coloranti",Tintoretto Design Neutro,1 L,L,0.05,ita tds/Tintoretto Design_it_rev05.pdf,85,Applicazione da scheda tecnica,,,0.0333,L,False,coverage,"30 - 40 m2/l Temp. di applicazione minimo + 10 °C Conservazione 24 mesi Contenuto VOC 550 g/l, cat A/f (BS), límite 700 g/l (2004/42/CE)"
"Oli, cere e coloranti",Tintoretto Design Colorato,1 L,L,0.05,ita tds/Tintoretto Design_it_rev05.pdf,85,Applicazione da scheda tecnica,,,0.0333,L,False,coverage,"30 - 40 m2/l Temp. di applicazione minimo + 10 °C Conservazione 24 mesi Contenuto VOC 550 g/l, cat A/f (BS), límite 700 g/l (2004/42/CE)"
"Oli, cere e coloranti",Oil Pro,"2,5 L",L,0.06,ita tds/Oil Pro_it_rev02.pdf,100,Applicazione da scheda tecnica,,,0.0833,L,False,coverage,"12 - 14 m2/l Resistenza all’abrasione dopo 7 giorni 35 mg - Taber Abraser, mole CS10, 1000 g, 1000 giri Grado di opacità (glossmetro 60°) Satinato 20 - 25 gloss Extramatt <"
"Oli, cere e coloranti",Oil Pro,1 L,L,0.06,ita tds/Oil Pro_it_rev02.pdf,100,Applicazione da scheda tecnica,,,0.0833,L,False,coverage,"12 - 14 m2/l Resistenza all’abrasione dopo 7 giorni 35 mg - Taber Abraser, mole CS10, 1000 g, 1000 giri Grado di opacità (glossmetro 60°) Satinato 20 - 25 gloss Extramatt <"
"Oli, cere e coloranti",Maxi Oil,"2,5 L",L,0.06,ita tds/Maxi Oil_it_rev03.pdf,100,Applicazione da scheda tecnica,,,0.0833,L,False,coverage,"12 - 14 m2/l Resistenza all’abrasione dopo 7 giorni 35 mg - Taber Abraser, mole CS10, 1000 g, 1000 giri Grado di opacità (glossmetro 60°) Lucida 70 - 75 gloss Semilucida 45"
"Oli, cere e coloranti",Maxi Oil,1 L,L,0.06,ita tds/Maxi Oil_it_rev03.pdf,100,Applicazione da scheda tecnica,,,0.0833,L,False,coverage,"12 - 14 m2/l Resistenza all’abrasione dopo 7 giorni 35 mg - Taber Abraser, mole CS10, 1000 g, 1000 giri Grado di opacità (glossmetro 60°) Lucida 70 - 75 gloss Semilucida 45"
Legno in esterno,Pro-Deck Neutro,10 L,L,0.1,ita tds/Pro-Deck_it_rev03.pdf,85,Applicazione da scheda tecnica,,,0.1,L,False,coverage,10 - 12 m2/l Temperatura di applicazione > 10 °C Secco al tatto 15 - 20 minuti Sovraverniciatura 3 - 4 ore Indurimento completo 12 - 24 ore
Legno in esterno,Pro-Deck Neutro,"2,5 L",L,0.1,ita tds/Pro-Deck_it_rev03.pdf,85,Applicazione da scheda tecnica,,,0.1,L,False,coverage,10 - 12 m2/l Temperatura di applicazione > 10 °C Secco al tatto 15 - 20 minuti Sovraverniciatura 3 - 4 ore Indurimento completo 12 - 24 ore
Legno in esterno,Pro-Deck Neutro,1 L,L,0.1,ita tds/Pro-Deck_it_rev03.pdf,85,Applicazione da scheda tecnica,,,0.1,L,False,coverage,10 - 12 m2/l Temperatura di applicazione > 10 °C Secco al tatto 15 - 20 minuti Sovraverniciatura 3 - 4 ore Indurimento completo 12 - 24 ore
Legno in esterno,Pro-Deck Colorato,10 L,L,0.1,ita tds/Pro-Deck_it_rev03.pdf,85,Applicazione da scheda tecnica,,,0.1,L,False,coverage,10 - 12 m2/l Temperatura di applicazione > 10 °C Secco al tatto 15 - 20 minuti Sovraverniciatura 3 - 4 ore Indurimento completo 12 - 24 ore
Legno in esterno,Pro-Deck Colorato,"2,5 L",L,0.1,ita tds/Pro-Deck_it_rev03.pdf,85,Applicazione da scheda tecnica,,,0.1,L,False,coverage,10 - 12 m2/l Temperatura di applicazione > 10 °C Secco al tatto 15 - 20 minuti Sovraverniciatura 3 - 4 ore Indurimento completo 12 - 24 ore
Legno in esterno,Pro-Deck Colorato,1 L,L,0.1,ita tds/Pro-Deck_it_rev03.pdf,85,Applicazione da scheda tecnica,,,0.1,L,False,coverage,10 - 12 m2/l Temperatura di applicazione > 10 °C Secco al tatto 15 - 20 minuti Sovraverniciatura 3 - 4 ore Indurimento completo 12 - 24 ore
Legno in esterno,Oil4Sun Neutro,"2,5 L",L,0.08,ita tds/Oil4Sun_it_rev12.pdf,85,Applicazione da scheda tecnica,,,0.0667,L,False,coverage,15 - 20 m2/l Temperatura di applicazione > 10 °C Eventuale diluizione Diluente RMD 91 Conservazione 24 mesi in confezione originale sigillata a temperatura > 10 °C
Legno in esterno,Oil4Sun Colorato,"2,5 L",L,0.08,ita tds/Oil4Sun_it_rev12.pdf,85,Applicazione da scheda tecnica,,,0.0667,L,False,coverage,15 - 20 m2/l Temperatura di applicazione > 10 °C Eventuale diluizione Diluente RMD 91 Conservazione 24 mesi in confezione originale sigillata a temperatura > 10 °C
Legno in esterno,Grey Free,5 L,L,0.08,ita tds/Grey Free_it_rev05.pdf,100,,,,,,,,
Legno in esterno,WPC Cover,5 L,L,0.08,ita tds/WPC Cover_it_rev04.pdf,100,Applicazione da scheda tecnica,,,0.0667,L,False,coverage,15 - 20 m2/l Fuori polvere 15 - 20 minuti Sovrapplicazione 2 - 4 ore Pedonabilità 2 - 4 ore Pulizia degli attrezzi Subito dopo l’uso con acqua.
